Возраст,Стаж_работы,Работает,Семейное_положение,Зарплата,Причина,Средняя_премия_в_месяц,Средний_штраф_в_месяц,Среднее_отработаное_время_в_месяц,Средний_балл_тестирований,Группа
23,3,1,Не замужем/не женат,90000.0,-,7650.0,6042.86,97.5,49,Удовлетворительно
34,1,0,Не замужем/не женат,95000.0,Несоответствие работника занимаемой должности,11400.0,4750.0,97.75,44,Удовлетворительно
29,4,1,Не замужем/не женат,130000.0,-,13216.67,10585.71,97.0,48,Удовлетворительно
39,19,1,Не замужем/не женат,30000.0,-,3900.0,1900.0,98.5,49,Удовлетворительно
24,3,1,Замужем/женат,95000.0,-,11716.67,4180.0,97.75,50,Удовлетворительно
22,1,1,Не замужем/не женат,150000.0,-,7500.0,11400.0,99.0,47,Удовлетворительно
33,7,1,Не замужем/не женат,80000.0,-,8640.0,3428.57,96.25,48,Удовлетворительно
24,1,0,Замужем/женат,140000.0,Несоответствие работника занимаемой должности,11200.0,6533.33,97.25,48,Удовлетворительно
31,6,1,Замужем/женат,90000.0,-,9900.0,2571.43,97.0,44,Удовлетворительно
41,17,1,Не замужем/не женат,150000.0,-,29250.0,6642.86,98.25,48,Удовлетворительно
43,2,0,Замужем/женат,100000.0,Неисполнение трудовых обязанностей работника без причин уважительного характера,8000.0,3750.0,97.75,42,Удовлетворительно
26,3,1,Не замужем/не женат,90000.0,-,9720.0,4725.0,98.5,45,Удовлетворительно
41,9,1,Не замужем/не женат,130000.0,-,12566.67,10400.0,98.25,48,Удовлетворительно
36,7,1,Замужем/женат,80000.0,-,11733.33,4342.86,98.25,43,Удовлетворительно
30,2,0,Не замужем/не женат,40000.0,По собственному желанию,0.0,400.0,97.0,42,Удовлетворительно
26,9,0,Замужем/женат,30000.0,Истечение срока соглашения,2475.0,1114.29,99.0,57,Удовлетворительно
28,3,1,Не замужем/не женат,130000.0,-,16250.0,5850.0,96.75,41,Удовлетворительно
26,9,0,Замужем/женат,140000.0,Несоответствие работника занимаемой должности,14700.0,6600.0,98.75,46,Удовлетворительно
41,13,0,Не замужем/не женат,90000.0,Истечение срока соглашения,10800.0,900.0,97.5,43,Удовлетворительно
42,18,1,Замужем/женат,140000.0,-,14000.0,8400.0,98.0,56,Удовлетворительно
25,3,0,Не замужем/не женат,100000.0,Истечение срока соглашения,7200.0,5400.0,98.0,42,Удовлетворительно
30,11,1,Замужем/женат,100000.0,-,11250.0,10250.0,97.5,42,Удовлетворительно
27,9,1,Не замужем/не женат,140000.0,-,11666.67,4666.67,96.75,59,Удовлетворительно
27,7,0,Не замужем/не женат,90000.0,Жесткое нарушение работником трудовых обязанностей,14940.0,4800.0,98.0,40,Удовлетворительно
24,3,1,Замужем/женат,95000.0,-,8075.0,3800.0,97.5,46,Удовлетворительно
40,6,1,Замужем/женат,90000.0,-,8400.0,6900.0,97.5,50,Удовлетворительно
32,4,1,Замужем/женат,95000.0,-,7600.0,6840.0,98.5,49,Удовлетворительно
22,5,1,Не замужем/не женат,150000.0,-,21000.0,7285.71,97.25,53,Удовлетворительно
22,3,0,Не замужем/не женат,40000.0,Несоответствие работника занимаемой должности,3300.0,2600.0,97.75,59,Удовлетворительно
20,1,1,Замужем/женат,40000.0,-,4600.0,3440.0,98.0,58,Удовлетворительно
40,2,1,Замужем/женат,130000.0,-,14300.0,7242.86,98.25,55,Удовлетворительно
36,4,1,Замужем/женат,80000.0,-,6720.0,6933.33,98.25,50,Удовлетворительно
25,3,1,Замужем/женат,30000.0,-,2700.0,2550.0,98.25,44,Удовлетворительно
22,5,1,Не замужем/не женат,30000.0,-,3225.0,1600.0,98.0,41,Удовлетворительно
39,5,1,Не замужем/не женат,95000.0,-,8075.0,3325.0,98.5,49,Удовлетворительно
23,2,1,Не замужем/не женат,95000.0,-,12350.0,3562.5,97.25,52,Удовлетворительно
37,1,1,Не замужем/не женат,95000.0,-,7837.5,4180.0,97.0,57,Удовлетворительно
33,14,1,Не замужем/не женат,140000.0,-,16800.0,13066.67,97.75,56,Удовлетворительно
32,8,0,Замужем/женат,51951.0,По собственному желанию,3254.0,0.0,95.0,59,Удовлетворительно
40,4,1,Замужем/женат,106363.0,-,15075.0,1833.0,98.0,54,Удовлетворительно
28,6,1,Не замужем/не женат,103694.0,-,37.0,96.0,95.0,54,Удовлетворительно
58,18,1,Не замужем/не женат,116818.0,-,14301.0,9428.0,95.0,59,Удовлетворительно
44,9,1,Замужем/женат,75955.0,-,463.0,0.0,98.0,45,Удовлетворительно
56,17,1,Не замужем/не женат,102623.0,-,14940.0,6657.0,91.0,44,Удовлетворительно
20,2,1,Замужем/женат,72495.0,-,15999.0,8048.0,97.0,55,Удовлетворительно
51,9,1,Замужем/женат,83370.0,-,11483.0,4309.0,94.0,60,Удовлетворительно
55,11,1,Замужем/женат,93605.0,-,12544.0,8529.0,99.0,58,Удовлетворительно
64,7,1,Не замужем/не женат,71828.0,-,10606.0,9534.0,96.0,45,Удовлетворительно
33,17,1,Замужем/женат,34628.0,-,5246.0,7900.0,92.0,44,Удовлетворительно
42,5,1,Замужем/женат,39335.0,-,15188.0,9233.0,98.0,50,Удовлетворительно
58,3,1,Не замужем/не женат,102377.0,-,11944.0,2781.0,93.0,51,Удовлетворительно
61,13,1,Замужем/женат,106632.0,-,19329.0,0.0,98.0,59,Удовлетворительно
52,1,0,Замужем/женат,53709.0,Истечение срока соглашения,11327.0,5078.0,92.0,49,Удовлетворительно
34,3,1,Не замужем/не женат,53970.0,-,15938.0,7079.0,90.0,59,Удовлетворительно
56,10,1,Не замужем/не женат,99362.0,-,17214.0,430.0,98.0,44,Удовлетворительно
30,3,0,Замужем/женат,65298.0,Несоответствие работника занимаемой должности,18241.0,8397.0,90.0,58,Удовлетворительно
46,12,1,Не замужем/не женат,33131.0,-,12100.0,4593.0,98.0,44,Удовлетворительно
46,16,0,Замужем/женат,88560.0,По собственному желанию,9986.0,4145.0,98.0,43,Удовлетворительно
36,17,0,Замужем/женат,68079.0,Неисполнение трудовых обязанностей работника без причин уважительного характера,15.0,6916.0,91.0,53,Удовлетворительно
44,14,0,Не замужем/не женат,100322.0,Истечение срока соглашения,6599.0,4503.0,92.0,57,Удовлетворительно
60,17,1,Не замужем/не женат,135025.0,-,730.0,6879.0,97.0,47,Удовлетворительно
23,13,1,Замужем/женат,33106.0,-,520.0,0.0,94.0,49,Удовлетворительно
61,10,1,Не замужем/не женат,93196.0,-,17079.0,0.0,93.0,59,Удовлетворительно
45,7,1,Замужем/женат,122059.0,-,15330.0,0.0,94.0,56,Удовлетворительно
33,9,1,Замужем/женат,38740.0,-,15321.0,0.0,92.0,50,Удовлетворительно
35,11,1,Не замужем/не женат,124595.0,-,19912.0,5948.0,91.0,51,Удовлетворительно
31,8,1,Не замужем/не женат,148890.0,-,7976.0,9554.0,90.0,45,Удовлетворительно
45,8,0,Не замужем/не женат,118056.0,Жесткое нарушение работником трудовых обязанностей,16509.0,5438.0,90.0,55,Удовлетворительно
42,5,1,Замужем/женат,45294.0,-,15857.0,1162.0,92.0,53,Удовлетворительно
64,15,1,Не замужем/не женат,34807.0,-,4735.0,4350.0,91.0,60,Удовлетворительно
27,15,1,Замужем/женат,79057.0,-,14575.0,5215.0,93.0,42,Удовлетворительно
60,14,1,Замужем/женат,131988.0,-,15823.0,9435.0,91.0,53,Удовлетворительно
32,11,1,Не замужем/не женат,61878.0,-,14851.0,0.0,95.0,58,Удовлетворительно
39,14,1,Не замужем/не женат,82158.0,-,541.0,5307.0,96.0,40,Удовлетворительно
29,12,1,Не замужем/не женат,90310.0,-,15082.0,7124.0,90.0,40,Удовлетворительно
22,8,1,Не замужем/не женат,116272.0,-,7382.0,5332.0,92.0,47,Удовлетворительно
48,8,0,Не замужем/не женат,143634.0,Неисполнение трудовых обязанностей работника без причин уважительного характера,2958.0,8793.0,94.0,52,Удовлетворительно
45,9,1,Замужем/женат,72625.0,-,3389.0,6260.0,93.0,56,Удовлетворительно
60,13,1,Замужем/женат,37009.0,-,1386.0,0.0,99.0,58,Удовлетворительно
50,3,1,Не замужем/не женат,142756.0,-,4881.0,9794.0,94.0,58,Удовлетворительно
42,17,1,Не замужем/не женат,103514.0,-,17969.0,264.0,96.0,57,Удовлетворительно
60,2,1,Не замужем/не женат,67047.0,-,5638.0,3540.0,96.0,60,Удовлетворительно
28,1,1,Замужем/женат,74108.0,-,7710.0,0.0,99.0,55,Удовлетворительно
21,10,1,Замужем/женат,136231.0,-,9547.0,2951.0,97.0,53,Удовлетворительно
49,3,1,Замужем/женат,108057.0,-,1260.0,0.0,97.0,44,Удовлетворительно
31,3,0,Не замужем/не женат,107806.0,Истечение срока соглашения,10380.0,6790.0,95.0,59,Удовлетворительно
32,9,0,Замужем/женат,83280.0,Истечение срока соглашения,16391.0,7310.0,90.0,55,Удовлетворительно
58,14,0,Не замужем/не женат,68412.0,Истечение срока соглашения,16466.0,8134.0,99.0,40,Удовлетворительно
44,12,1,Не замужем/не женат,95956.0,-,13244.0,9668.0,90.0,60,Удовлетворительно
23,12,1,Не замужем/не женат,144346.0,-,12853.0,0.0,98.0,58,Удовлетворительно
44,15,1,Замужем/женат,33208.0,-,1472.0,891.0,96.0,44,Удовлетворительно
35,6,1,Замужем/женат,107546.0,-,3178.0,0.0,97.0,46,Удовлетворительно
45,10,0,Замужем/женат,115513.0,Истечение срока соглашения,11379.0,1543.0,97.0,49,Удовлетворительно
45,12,1,Не замужем/не женат,48884.0,-,2004.0,8977.0,93.0,42,Удовлетворительно
24,17,1,Не замужем/не женат,129060.0,-,15862.0,0.0,96.0,42,Удовлетворительно
25,8,0,Замужем/женат,63997.0,Жесткое нарушение работником трудовых обязанностей,1180.0,9032.0,99.0,50,Удовлетворительно
32,16,1,Замужем/женат,54701.0,-,18646.0,4106.0,99.0,43,Удовлетворительно
45,15,1,Замужем/женат,143664.0,-,8894.0,0.0,91.0,60,Удовлетворительно
23,9,1,Замужем/женат,142281.0,-,4634.0,2071.0,92.0,46,Удовлетворительно
61,5,1,Замужем/женат,74411.0,-,17924.0,486.0,94.0,52,Удовлетворительно
21,16,1,Замужем/женат,123320.0,-,7921.0,2488.0,90.0,53,Удовлетворительно
24,15,1,Не замужем/не женат,115589.0,-,12313.0,7755.0,98.0,42,Удовлетворительно
42,3,1,Не замужем/не женат,50338.0,-,14320.0,9239.0,91.0,47,Удовлетворительно
40,13,1,Замужем/женат,103136.0,-,1391.0,0.0,96.0,44,Удовлетворительно
63,7,1,Не замужем/не женат,60030.0,-,15364.0,0.0,93.0,51,Удовлетворительно
37,17,1,Замужем/женат,51945.0,-,100.0,0.0,97.0,58,Удовлетворительно
58,5,1,Замужем/женат,41114.0,-,7012.0,5554.0,96.0,51,Удовлетворительно
25,2,1,Замужем/женат,114984.0,-,2044.0,8009.0,96.0,52,Удовлетворительно
28,16,1,Не замужем/не женат,94469.0,-,5040.0,0.0,99.0,46,Удовлетворительно
34,8,1,Замужем/женат,131880.0,-,7413.0,0.0,97.0,49,Удовлетворительно
42,8,1,Не замужем/не женат,145106.0,-,15165.0,0.0,91.0,60,Удовлетворительно
51,7,1,Не замужем/не женат,141453.0,-,18311.0,0.0,93.0,48,Удовлетворительно
56,11,0,Замужем/женат,116770.0,По собственному желанию,3698.0,0.0,93.0,44,Удовлетворительно
53,12,1,Замужем/женат,67387.0,-,2368.0,0.0,96.0,49,Удовлетворительно
56,11,1,Не замужем/не женат,141125.0,-,10138.0,2511.0,97.0,56,Удовлетворительно
33,17,1,Не замужем/не женат,41653.0,-,18099.0,408.0,96.0,43,Удовлетворительно
59,14,1,Замужем/женат,72160.0,-,11134.0,1312.0,93.0,43,Удовлетворительно
46,2,1,Не замужем/не женат,40270.0,-,1776.0,8353.0,90.0,60,Удовлетворительно
52,2,1,Замужем/женат,117247.0,-,1806.0,168.0,98.0,45,Удовлетворительно
41,10,1,Не замужем/не женат,88832.0,-,14716.0,463.0,96.0,54,Удовлетворительно
63,1,1,Замужем/женат,128535.0,-,9840.0,6750.0,90.0,56,Удовлетворительно
31,14,1,Не замужем/не женат,98271.0,-,4631.0,9729.0,93.0,59,Удовлетворительно
29,13,0,Замужем/женат,75349.0,Неисполнение трудовых обязанностей работника без причин уважительного характера,10876.0,2351.0,94.0,52,Удовлетворительно
58,15,1,Замужем/женат,107168.0,-,6938.0,3418.0,95.0,40,Удовлетворительно
22,4,1,Замужем/женат,106417.0,-,19650.0,7295.0,99.0,51,Удовлетворительно
37,15,1,Не замужем/не женат,126993.0,-,11533.0,4016.0,90.0,41,Удовлетворительно
23,13,0,Замужем/женат,124396.0,По собственному желанию,14574.0,9300.0,98.0,47,Удовлетворительно
51,16,1,Не замужем/не женат,91221.0,-,7451.0,52.0,93.0,48,Удовлетворительно
40,9,1,Не замужем/не женат,82245.0,-,7099.0,0.0,90.0,46,Удовлетворительно
64,11,1,Не замужем/не женат,149324.0,-,9936.0,0.0,98.0,44,Удовлетворительно
30,17,0,Замужем/женат,62578.0,По собственному желанию,287.0,0.0,95.0,43,Удовлетворительно
39,13,1,Замужем/женат,40460.0,-,10893.0,9656.0,93.0,40,Удовлетворительно
21,9,1,Не замужем/не женат,90758.0,-,10175.0,7793.0,95.0,55,Удовлетворительно
63,2,1,Замужем/женат,74888.0,-,1173.0,7355.0,90.0,40,Удовлетворительно
53,11,1,Замужем/женат,81517.0,-,621.0,2577.0,93.0,54,Удовлетворительно
64,17,1,Не замужем/не женат,77624.0,-,17730.0,9343.0,95.0,47,Удовлетворительно
28,11,1,Не замужем/не женат,127544.0,-,9679.0,8594.0,92.0,60,Удовлетворительно
57,9,1,Не замужем/не женат,77090.0,-,1155.0,6029.0,91.0,48,Удовлетворительно
62,7,1,Не замужем/не женат,120431.0,-,12690.0,6526.0,98.0,45,Удовлетворительно
29,10,1,Замужем/женат,74571.0,-,7479.0,6662.0,97.0,53,Удовлетворительно
37,7,1,Замужем/женат,109668.0,-,3652.0,6336.0,94.0,51,Удовлетворительно
40,7,1,Замужем/женат,123003.0,-,514.0,3783.0,95.0,47,Удовлетворительно
41,4,1,Замужем/женат,126976.0,-,11453.0,7583.0,95.0,51,Удовлетворительно
34,2,0,Не замужем/не женат,132004.0,Несоответствие работника занимаемой должности,8532.0,6868.0,99.0,40,Удовлетворительно
52,5,1,Замужем/женат,42356.0,-,522.0,0.0,97.0,56,Удовлетворительно
24,7,0,Не замужем/не женат,129066.0,По собственному желанию,18076.0,0.0,98.0,45,Удовлетворительно
64,18,1,Не замужем/не женат,46003.0,-,5601.0,0.0,94.0,49,Удовлетворительно
43,11,1,Не замужем/не женат,44438.0,-,833.0,0.0,99.0,44,Удовлетворительно
50,5,1,Не замужем/не женат,45717.0,-,1880.0,0.0,99.0,58,Удовлетворительно
61,3,1,Не замужем/не женат,143050.0,-,17738.0,4677.0,93.0,49,Удовлетворительно
47,5,1,Замужем/женат,113640.0,-,17094.0,5296.0,96.0,45,Удовлетворительно
24,7,1,Замужем/женат,37103.0,-,19426.0,0.0,97.0,48,Удовлетворительно
50,7,1,Замужем/женат,56242.0,-,18966.0,0.0,98.0,49,Удовлетворительно
29,9,0,Не замужем/не женат,82163.0,Истечение срока соглашения,9784.0,857.0,94.0,41,Удовлетворительно
39,8,1,Замужем/женат,43030.0,-,5802.0,4367.0,97.0,47,Удовлетворительно
39,16,1,Замужем/женат,75835.0,-,2093.0,4615.0,90.0,45,Удовлетворительно
58,7,0,Не замужем/не женат,97880.0,Истечение срока соглашения,14306.0,2554.0,99.0,49,Удовлетворительно
33,1,1,Замужем/женат,139448.0,-,16440.0,3558.0,94.0,41,Удовлетворительно
29,18,0,Замужем/женат,121728.0,Истечение срока соглашения,544.0,9460.0,91.0,57,Удовлетворительно
61,4,1,Замужем/женат,53684.0,-,12012.0,3249.0,90.0,40,Удовлетворительно
23,3,1,Замужем/женат,50011.0,-,1324.0,0.0,99.0,53,Удовлетворительно
53,15,1,Замужем/женат,127381.0,Жесткое нарушение работником трудовых обязанностей,18659.0,0.0,97.0,47,Удовлетворительно
53,15,0,Замужем/женат,117417.0,-,3209.0,0.0,91.0,49,Удовлетворительно
51,12,1,Замужем/женат,108548.0,-,4344.0,1342.0,90.0,47,Удовлетворительно
20,6,1,Не замужем/не женат,58407.0,-,13742.0,8201.0,95.0,53,Удовлетворительно
52,7,0,Замужем/женат,104762.0,Несоответствие работника занимаемой должности,9725.0,5891.0,96.0,45,Удовлетворительно
34,8,1,Не замужем/не женат,79953.0,-,3638.0,6715.0,99.0,47,Удовлетворительно
23,4,0,Не замужем/не женат,38971.0,Жесткое нарушение работником трудовых обязанностей,7348.0,2306.0,99.0,42,Удовлетворительно
37,16,1,Не замужем/не женат,126274.0,-,12664.0,9107.0,93.0,57,Удовлетворительно
48,1,1,Не замужем/не женат,57905.0,-,17436.0,7728.0,92.0,54,Удовлетворительно
63,18,0,Не замужем/не женат,114334.0,Несоответствие работника занимаемой должности,1126.0,2015.0,95.0,60,Удовлетворительно
37,10,1,Замужем/женат,33432.0,-,6039.0,6050.0,97.0,46,Удовлетворительно
47,14,1,Замужем/женат,74085.0,-,6192.0,2537.0,99.0,55,Удовлетворительно
65,16,1,Замужем/женат,117143.0,-,18991.0,994.0,97.0,49,Удовлетворительно
21,1,1,Замужем/женат,56151.0,-,8722.0,4935.0,99.0,52,Удовлетворительно
53,6,0,Не замужем/не женат,84175.0,Несоответствие работника занимаемой должности,17706.0,9803.0,92.0,49,Удовлетворительно
22,15,1,Не замужем/не женат,98022.0,-,12807.0,9871.0,98.0,60,Удовлетворительно
37,4,1,Не замужем/не женат,60476.0,-,16160.0,7615.0,97.0,49,Удовлетворительно
39,9,0,Замужем/женат,30000.0,По собственному желанию,2350.0,1050.0,98.0,61,Хорошо
32,4,1,Замужем/женат,80000.0,-,7885.71,2400.0,98.5,72,Хорошо
33,7,1,Замужем/женат,150000.0,-,14500.0,2250.0,97.75,73,Хорошо
24,1,1,Не замужем/не женат,140000.0,-,9800.0,7000.0,97.75,68,Хорошо
34,7,1,Замужем/женат,35000.0,-,3500.0,1808.33,98.25,73,Хорошо
33,11,1,Не замужем/не женат,140000.0,-,10600.0,4760.0,99.0,78,Хорошо
26,6,1,Не замужем/не женат,80000.0,-,11066.67,4500.0,99.0,63,Хорошо
40,15,1,Замужем/женат,80000.0,-,5920.0,3680.0,98.0,65,Хорошо
27,2,1,Не замужем/не женат,140000.0,-,12600.0,7400.0,98.0,80,Хорошо
44,25,1,Замужем/женат,95000.0,-,5225.0,5700.0,97.25,72,Хорошо
44,10,1,Замужем/женат,150000.0,-,12000.0,7312.5,97.5,80,Хорошо
42,1,1,Замужем/женат,150000.0,-,17250.0,9600.0,99.0,73,Хорошо
33,3,0,Замужем/женат,35000.0,Истечение срока соглашения,9800.0,1516.67,97.25,72,Хорошо
20,3,1,Не замужем/не женат,80000.0,-,11200.0,2700.0,98.75,70,Хорошо
30,8,1,Не замужем/не женат,95000.0,-,5700.0,5564.29,98.25,71,Хорошо
27,10,1,Не замужем/не женат,130000.0,-,10400.0,8580.0,98.25,78,Хорошо
24,1,1,Замужем/женат,35000.0,-,3325.0,2100.0,97.75,66,Хорошо
29,7,1,Не замужем/не женат,130000.0,-,13000.0,7583.33,98.25,75,Хорошо
33,3,1,Замужем/женат,90000.0,-,5400.0,5700.0,98.5,66,Хорошо
20,3,0,Замужем/женат,140000.0,Неисполнение трудовых обязанностей работника без причин уважительного характера,13650.0,8200.0,98.0,71,Хорошо
35,16,1,Замужем/женат,30000.0,-,2340.0,1140.0,98.0,64,Хорошо
38,11,1,Не замужем/не женат,140000.0,-,14466.67,12600.0,97.0,65,Хорошо
33,2,0,Замужем/женат,140000.0,Жесткое нарушение работником трудовых обязанностей,12133.33,7280.0,97.75,78,Хорошо
38,4,1,Не замужем/не женат,80000.0,-,7360.0,3400.0,98.0,64,Хорошо
23,1,1,Замужем/женат,35000.0,-,3710.0,1850.0,98.25,71,Хорошо
40,14,1,Не замужем/не женат,150000.0,-,12000.0,10875.0,98.25,72,Хорошо
27,5,1,Замужем/женат,95000.0,-,11400.0,3420.0,98.0,76,Хорошо
43,22,1,Не замужем/не женат,35000.0,-,3383.33,1905.56,99.0,70,Хорошо
25,2,1,Не замужем/не женат,90000.0,-,10800.0,5657.14,97.75,71,Хорошо
37,15,1,Не замужем/не женат,30000.0,-,2150.0,1600.0,97.5,67,Хорошо
38,19,1,Замужем/женат,90000.0,-,10200.0,2520.0,97.25,72,Хорошо
41,21,0,Не замужем/не женат,80000.0,Неисполнение трудовых обязанностей работника без причин уважительного характера,5866.67,4800.0,98.75,76,Хорошо
43,5,1,Замужем/женат,100000.0,-,13500.0,3400.0,97.75,62,Хорошо
23,1,1,Не замужем/не женат,100000.0,-,9500.0,5200.0,97.75,67,Хорошо
61,14,1,Не замужем/не женат,139382.0,-,12457.0,0.0,92.0,76,Хорошо
34,3,1,Замужем/женат,32598.0,-,5599.0,5602.0,97.0,63,Хорошо
31,18,1,Замужем/женат,135305.0,-,2293.0,0.0,95.0,67,Хорошо
24,7,1,Не замужем/не женат,79871.0,-,9093.0,7632.0,96.0,62,Хорошо
41,16,1,Не замужем/не женат,78126.0,-,4024.0,1761.0,95.0,73,Хорошо
59,12,1,Не замужем/не женат,106067.0,-,16244.0,0.0,99.0,64,Хорошо
43,15,1,Замужем/женат,149118.0,-,17476.0,1560.0,90.0,69,Хорошо
52,3,1,Замужем/женат,117252.0,-,10107.0,4859.0,99.0,71,Хорошо
23,8,1,Не замужем/не женат,144441.0,-,486.0,0.0,96.0,61,Хорошо
34,5,1,Не замужем/не женат,88386.0,-,386.0,0.0,93.0,62,Хорошо
24,2,1,Замужем/женат,127847.0,-,828.0,3476.0,95.0,80,Хорошо
43,9,0,Не замужем/не женат,104468.0,Истечение срока соглашения,9603.0,7691.0,95.0,69,Хорошо
63,15,1,Замужем/женат,56215.0,-,14065.0,1347.0,97.0,68,Хорошо
23,12,1,Замужем/женат,78773.0,-,5606.0,0.0,95.0,71,Хорошо
32,5,0,Не замужем/не женат,118733.0,Жесткое нарушение работником трудовых обязанностей,8278.0,7372.0,99.0,66,Хорошо
34,16,1,Не замужем/не женат,90147.0,-,7574.0,5246.0,96.0,69,Хорошо
63,10,1,Замужем/женат,58556.0,-,3560.0,0.0,90.0,74,Хорошо
38,3,0,Замужем/женат,66057.0,Жесткое нарушение работником трудовых обязанностей,19442.0,0.0,99.0,79,Хорошо
35,8,1,Замужем/женат,69239.0,-,8108.0,5692.0,91.0,76,Хорошо
60,12,0,Замужем/женат,36270.0,Несоответствие работника занимаемой должности,12618.0,0.0,97.0,80,Хорошо
43,12,1,Замужем/женат,73959.0,-,9633.0,8790.0,95.0,71,Хорошо
21,17,1,Не замужем/не женат,109730.0,-,8728.0,5939.0,92.0,61,Хорошо
56,4,1,Не замужем/не женат,103347.0,-,1123.0,0.0,96.0,67,Хорошо
29,9,1,Замужем/женат,124133.0,-,13228.0,0.0,94.0,68,Хорошо
40,11,0,Не замужем/не женат,112012.0,Несоответствие работника занимаемой должности,12409.0,0.0,92.0,73,Хорошо
32,15,1,Не замужем/не женат,81658.0,-,2372.0,0.0,92.0,74,Хорошо
43,6,1,Не замужем/не женат,67978.0,-,8104.0,0.0,99.0,75,Хорошо
30,6,0,Не замужем/не женат,34385.0,По собственному желанию,5735.0,7170.0,93.0,62,Хорошо
28,11,0,Замужем/женат,119022.0,Несоответствие работника занимаемой должности,11753.0,5918.0,94.0,72,Хорошо
57,7,1,Не замужем/не женат,112042.0,-,4833.0,1491.0,97.0,76,Хорошо
31,14,1,Не замужем/не женат,136983.0,-,7125.0,6072.0,92.0,70,Хорошо
55,10,1,Замужем/женат,76663.0,-,1358.0,0.0,96.0,71,Хорошо
23,7,1,Не замужем/не женат,102431.0,-,13457.0,0.0,97.0,71,Хорошо
27,17,1,Замужем/женат,84424.0,-,12575.0,3176.0,91.0,77,Хорошо
41,11,0,Замужем/женат,148035.0,Несоответствие работника занимаемой должности,16399.0,0.0,97.0,67,Хорошо
58,7,1,Замужем/женат,56624.0,-,7051.0,3224.0,96.0,63,Хорошо
35,17,0,Замужем/женат,133321.0,Неисполнение трудовых обязанностей работника без причин уважительного характера,910.0,3891.0,91.0,73,Хорошо
54,11,1,Замужем/женат,57687.0,-,14874.0,2129.0,97.0,78,Хорошо
40,2,1,Не замужем/не женат,41313.0,-,7747.0,9821.0,99.0,62,Хорошо
31,7,1,Замужем/женат,66166.0,-,3392.0,8981.0,92.0,65,Хорошо
46,11,0,Не замужем/не женат,102557.0,По собственному желанию,13784.0,0.0,97.0,77,Хорошо
50,17,1,Замужем/женат,92504.0,-,13526.0,0.0,97.0,70,Хорошо
21,11,0,Не замужем/не женат,100839.0,Несоответствие работника занимаемой должности,6397.0,4565.0,98.0,78,Хорошо
28,13,1,Замужем/женат,73111.0,-,4044.0,8229.0,96.0,69,Хорошо
65,10,1,Не замужем/не женат,139103.0,-,5.0,3978.0,92.0,70,Хорошо
64,16,0,Не замужем/не женат,44914.0,Неисполнение трудовых обязанностей работника без причин уважительного характера,14220.0,6037.0,99.0,79,Хорошо
47,17,1,Замужем/женат,40350.0,-,4790.0,8356.0,99.0,61,Хорошо
60,16,1,Замужем/женат,70985.0,-,10731.0,0.0,98.0,80,Хорошо
20,1,1,Не замужем/не женат,135323.0,-,19306.0,3097.0,93.0,75,Хорошо
60,16,1,Не замужем/не женат,94047.0,-,17100.0,0.0,94.0,73,Хорошо
45,2,0,Замужем/женат,90977.0,Жесткое нарушение работником трудовых обязанностей,4955.0,5127.0,91.0,66,Хорошо
21,8,1,Замужем/женат,43204.0,-,16532.0,9300.0,95.0,80,Хорошо
43,4,1,Не замужем/не женат,98613.0,-,13322.0,2446.0,99.0,79,Хорошо
60,2,0,Не замужем/не женат,121879.0,Жесткое нарушение работником трудовых обязанностей,12275.0,9358.0,92.0,68,Хорошо
52,2,1,Не замужем/не женат,31269.0,-,12406.0,68.0,90.0,72,Хорошо
56,6,1,Замужем/женат,110294.0,-,5098.0,7030.0,90.0,67,Хорошо
53,4,1,Не замужем/не женат,41709.0,-,4213.0,0.0,95.0,76,Хорошо
20,10,1,Не замужем/не женат,60686.0,-,2298.0,0.0,96.0,70,Хорошо
27,17,1,Не замужем/не женат,128209.0,-,3405.0,0.0,97.0,76,Хорошо
52,15,1,Не замужем/не женат,54411.0,-,13800.0,0.0,91.0,74,Хорошо
60,3,1,Замужем/женат,97066.0,-,17537.0,0.0,98.0,73,Хорошо
51,11,1,Не замужем/не женат,116683.0,-,2717.0,7776.0,91.0,74,Хорошо
56,18,1,Не замужем/не женат,88583.0,-,6458.0,0.0,96.0,65,Хорошо
48,10,0,Замужем/женат,67339.0,Несоответствие работника занимаемой должности,18056.0,0.0,99.0,62,Хорошо
63,8,1,Не замужем/не женат,79394.0,-,13907.0,7933.0,93.0,63,Хорошо
60,5,1,Не замужем/не женат,47535.0,-,14490.0,5040.0,98.0,63,Хорошо
61,14,1,Замужем/женат,73149.0,-,1015.0,8226.0,99.0,71,Хорошо
48,1,1,Замужем/женат,144659.0,-,10499.0,6031.0,97.0,66,Хорошо
63,12,1,Замужем/женат,115671.0,-,11828.0,707.0,95.0,78,Хорошо
43,1,0,Не замужем/не женат,34328.0,Истечение срока соглашения,14095.0,1555.0,95.0,64,Хорошо
31,7,0,Замужем/женат,72736.0,Истечение срока соглашения,5128.0,3340.0,92.0,61,Хорошо
49,11,1,Замужем/женат,36024.0,-,1257.0,0.0,93.0,80,Хорошо
30,13,0,Не замужем/не женат,108784.0,Несоответствие работника занимаемой должности,17505.0,0.0,94.0,74,Хорошо
48,2,0,Замужем/женат,138796.0,Истечение срока соглашения,8062.0,0.0,95.0,69,Хорошо
54,7,0,Не замужем/не женат,122763.0,Неисполнение трудовых обязанностей работника без причин уважительного характера,10623.0,0.0,90.0,61,Хорошо
29,1,1,Не замужем/не женат,103739.0,-,15124.0,9711.0,97.0,68,Хорошо
55,13,0,Замужем/женат,34205.0,Истечение срока соглашения,11040.0,4877.0,99.0,64,Хорошо
23,3,0,Не замужем/не женат,115186.0,Жесткое нарушение работником трудовых обязанностей,10224.0,2473.0,91.0,74,Хорошо
51,11,0,Не замужем/не женат,125941.0,Жесткое нарушение работником трудовых обязанностей,15334.0,0.0,98.0,76,Хорошо
51,15,1,Замужем/женат,124538.0,-,4714.0,0.0,93.0,75,Хорошо
35,1,1,Замужем/женат,69107.0,-,9583.0,0.0,90.0,72,Хорошо
49,7,1,Не замужем/не женат,148393.0,-,11200.0,0.0,99.0,80,Хорошо
47,7,0,Замужем/женат,70263.0,Несоответствие работника занимаемой должности,6803.0,9592.0,90.0,72,Хорошо
54,17,1,Не замужем/не женат,47455.0,-,2476.0,3751.0,97.0,65,Хорошо
41,16,0,Замужем/женат,132926.0,Жесткое нарушение работником трудовых обязанностей,16255.0,4128.0,94.0,80,Хорошо
28,15,1,Замужем/женат,66468.0,-,18033.0,8457.0,92.0,67,Хорошо
22,1,1,Замужем/женат,129737.0,-,17416.0,6790.0,92.0,67,Хорошо
24,10,1,Замужем/женат,75294.0,-,17540.0,1051.0,95.0,72,Хорошо
33,8,1,Не замужем/не женат,30052.0,-,11835.0,5670.0,92.0,66,Хорошо
42,17,1,Не замужем/не женат,120419.0,-,9005.0,0.0,92.0,68,Хорошо
31,14,0,Замужем/женат,109866.0,Неисполнение трудовых обязанностей работника без причин уважительного характера,16312.0,0.0,99.0,77,Хорошо
62,8,1,Не замужем/не женат,80462.0,-,14845.0,0.0,96.0,76,Хорошо
42,2,1,Не замужем/не женат,123832.0,-,3697.0,0.0,95.0,78,Хорошо
56,18,1,Не замужем/не женат,39508.0,-,14269.0,0.0,91.0,76,Хорошо
42,16,1,Замужем/женат,130088.0,-,19572.0,0.0,99.0,73,Хорошо
43,10,0,Замужем/женат,30586.0,Несоответствие работника занимаемой должности,14928.0,0.0,98.0,72,Хорошо
51,6,1,Не замужем/не женат,78009.0,-,9419.0,0.0,93.0,65,Хорошо
33,12,1,Не замужем/не женат,45175.0,-,19948.0,0.0,93.0,66,Хорошо
53,2,1,Замужем/женат,126430.0,-,13738.0,2209.0,98.0,69,Хорошо
43,17,0,Замужем/женат,68278.0,Несоответствие работника занимаемой должности,5619.0,780.0,92.0,69,Хорошо
21,7,1,Не замужем/не женат,102948.0,-,7295.0,2903.0,93.0,74,Хорошо
61,11,1,Не замужем/не женат,98014.0,-,15423.0,2069.0,90.0,80,Хорошо
39,2,1,Замужем/женат,97949.0,-,2120.0,0.0,94.0,64,Хорошо
41,4,1,Не замужем/не женат,38234.0,-,11378.0,6332.0,97.0,77,Хорошо
65,14,1,Не замужем/не женат,37303.0,-,18754.0,2062.0,92.0,69,Хорошо
41,6,0,Замужем/женат,113618.0,По собственному желанию,14975.0,4958.0,93.0,75,Хорошо
59,17,1,Замужем/женат,97255.0,-,17813.0,4536.0,91.0,71,Хорошо
63,2,0,Замужем/женат,91930.0,Истечение срока соглашения,4292.0,6693.0,97.0,71,Хорошо
61,14,1,Не замужем/не женат,46284.0,-,6831.0,8858.0,92.0,72,Хорошо
45,4,0,Не замужем/не женат,114796.0,Несоответствие работника занимаемой должности,10332.0,2687.0,93.0,62,Хорошо
43,16,1,Не замужем/не женат,91034.0,-,10801.0,540.0,93.0,76,Хорошо
63,15,1,Не замужем/не женат,125888.0,-,15998.0,3541.0,96.0,62,Хорошо
28,7,0,Замужем/женат,113170.0,По собственному желанию,19866.0,6994.0,95.0,80,Хорошо
64,10,1,Замужем/женат,111501.0,-,7903.0,8079.0,90.0,69,Хорошо
46,5,0,Не замужем/не женат,81700.0,Неисполнение трудовых обязанностей работника без причин уважительного характера,4495.0,7413.0,90.0,72,Хорошо
45,7,0,Не замужем/не женат,83614.0,Жесткое нарушение работником трудовых обязанностей,8550.0,7579.0,94.0,61,Хорошо
35,8,1,Замужем/женат,72285.0,-,10212.0,7914.0,96.0,80,Хорошо
30,18,1,Замужем/женат,104648.0,-,15648.0,0.0,94.0,71,Хорошо
65,14,0,Не замужем/не женат,125359.0,Жесткое нарушение работником трудовых обязанностей,7366.0,2759.0,96.0,68,Хорошо
31,16,1,Замужем/женат,109309.0,-,475.0,7766.0,93.0,72,Хорошо
20,7,1,Не замужем/не женат,70523.0,-,13277.0,6625.0,90.0,69,Хорошо
26,1,1,Замужем/женат,146165.0,-,8463.0,4676.0,96.0,66,Хорошо
48,17,1,Замужем/женат,94160.0,-,16266.0,2879.0,97.0,77,Хорошо
51,13,1,Замужем/женат,104866.0,-,13349.0,0.0,96.0,67,Хорошо
57,7,1,Не замужем/не женат,117412.0,-,2265.0,9181.0,95.0,66,Хорошо
25,2,0,Не замужем/не женат,75464.0,Неисполнение трудовых обязанностей работника без причин уважительного характера,5881.0,1759.0,95.0,71,Хорошо
63,18,1,Замужем/женат,86760.0,-,14327.0,6784.0,93.0,75,Хорошо
22,15,0,Не замужем/не женат,41297.0,Неисполнение трудовых обязанностей работника без причин уважительного характера,10430.0,9641.0,92.0,71,Хорошо
31,4,1,Замужем/женат,150000.0,-,9000.0,9750.0,98.0,96,Отлично
44,4,1,Не замужем/не женат,40000.0,-,4000.0,1280.0,97.25,90,Отлично
24,3,1,Замужем/женат,95000.0,-,10687.5,5106.25,97.75,89,Отлично
30,7,1,Замужем/женат,95000.0,-,9975.0,6887.5,97.5,97,Отлично
27,8,1,Замужем/женат,40000.0,-,3200.0,1022.22,98.5,88,Отлично
33,11,1,Замужем/женат,150000.0,-,13875.0,6600.0,98.5,96,Отлично
44,16,1,Не замужем/не женат,35000.0,-,3360.0,2216.67,99.0,98,Отлично
29,10,1,Замужем/женат,95000.0,-,8414.29,7410.0,97.0,83,Отлично
44,15,0,Замужем/женат,95000.0,Истечение срока соглашения,10766.67,4750.0,98.5,86,Отлично
33,1,1,Не замужем/не женат,40000.0,-,7600.0,2222.22,99.0,99,Отлично
25,4,1,Замужем/женат,95000.0,-,22800.0,7410.0,98.0,92,Отлично
33,2,0,Не замужем/не женат,80000.0,По собственному желанию,6285.71,3314.29,97.75,92,Отлично
24,7,1,Не замужем/не женат,90000.0,-,5400.0,6300.0,97.75,93,Отлично
27,2,1,Замужем/женат,130000.0,-,10400.0,3528.57,98.5,88,Отлично
28,4,1,Замужем/женат,100000.0,-,7666.67,6571.43,97.75,97,Отлично
40,11,1,Не замужем/не женат,140000.0,-,18200.0,10360.0,98.75,91,Отлично
24,3,0,Замужем/женат,35000.0,Жесткое нарушение работником трудовых обязанностей,2100.0,2650.0,97.75,82,Отлично
39,8,1,Не замужем/не женат,95000.0,-,9500.0,3800.0,98.5,98,Отлично
29,5,0,Не замужем/не женат,95000.0,Жесткое нарушение работником трудовых обязанностей,7283.33,5383.33,97.75,84,Отлично
30,12,1,Не замужем/не женат,150000.0,-,9000.0,8500.0,99.0,96,Отлично
29,8,1,Не замужем/не женат,100000.0,-,7666.67,5166.67,97.25,93,Отлично
25,7,1,Не замужем/не женат,100000.0,-,7200.0,6600.0,99.25,95,Отлично
42,18,1,Замужем/женат,35000.0,-,3850.0,2012.5,97.5,100,Отлично
41,5,1,Замужем/женат,100000.0,-,11000.0,4600.0,97.25,93,Отлично
29,5,1,Замужем/женат,95000.0,-,8550.0,7410.0,96.75,89,Отлично
29,10,1,Не замужем/не женат,140000.0,-,11200.0,10850.0,98.0,84,Отлично
44,4,0,Не замужем/не женат,140000.0,Несоответствие работника занимаемой должности,15400.0,4400.0,97.75,82,Отлично
31,2,1,Замужем/женат,30000.0,-,0.0,2650.0,97.25,95,Отлично
59,11,1,Замужем/женат,115591.0,-,14259.0,6044.0,92.0,97,Отлично
64,16,0,Не замужем/не женат,136084.0,Несоответствие работника занимаемой должности,15084.0,4823.0,95.0,96,Отлично
58,14,1,Замужем/женат,94093.0,-,16898.0,6766.0,97.0,87,Отлично
35,17,1,Замужем/женат,77769.0,-,17666.0,9938.0,91.0,100,Отлично
65,11,1,Не замужем/не женат,47123.0,-,11507.0,5479.0,98.0,93,Отлично
60,16,0,Не замужем/не женат,83736.0,Несоответствие работника занимаемой должности,5941.0,0.0,91.0,81,Отлично
39,4,1,Не замужем/не женат,111368.0,-,496.0,0.0,97.0,87,Отлично
50,12,1,Замужем/женат,62686.0,-,5540.0,372.0,95.0,99,Отлично
63,2,1,Замужем/женат,95436.0,-,13773.0,0.0,90.0,88,Отлично
64,4,0,Замужем/женат,139918.0,Неисполнение трудовых обязанностей работника без причин уважительного характера,11989.0,0.0,92.0,83,Отлично
20,7,1,Не замужем/не женат,66923.0,-,6857.0,1938.0,95.0,85,Отлично
40,12,0,Замужем/женат,117618.0,Истечение срока соглашения,3300.0,4526.0,99.0,94,Отлично
36,9,0,Замужем/женат,139096.0,По собственному желанию,2787.0,3178.0,94.0,99,Отлично
45,7,0,Не замужем/не женат,146257.0,Истечение срока соглашения,1274.0,2502.0,99.0,86,Отлично
21,8,1,Замужем/женат,146495.0,-,13988.0,9344.0,90.0,92,Отлично
25,6,1,Не замужем/не женат,75843.0,-,855.0,0.0,96.0,86,Отлично
51,17,1,Не замужем/не женат,98305.0,-,4784.0,4527.0,90.0,81,Отлично
39,17,1,Не замужем/не женат,139824.0,-,8512.0,961.0,94.0,100,Отлично
50,6,1,Не замужем/не женат,44817.0,-,10597.0,8043.0,91.0,87,Отлично
55,9,1,Замужем/женат,95377.0,-,17973.0,0.0,97.0,93,Отлично
44,10,1,Замужем/женат,60129.0,-,6458.0,0.0,93.0,86,Отлично
31,8,1,Не замужем/не женат,62142.0,-,11558.0,0.0,93.0,88,Отлично
38,8,0,Не замужем/не женат,32849.0,Жесткое нарушение работником трудовых обязанностей,1153.0,8764.0,92.0,88,Отлично
48,8,1,Не замужем/не женат,108121.0,-,17235.0,6012.0,94.0,84,Отлично
51,1,1,Замужем/женат,140588.0,-,16476.0,0.0,92.0,100,Отлично
52,8,1,Замужем/женат,70263.0,-,3308.0,3446.0,93.0,91,Отлично
58,6,1,Не замужем/не женат,145828.0,-,8346.0,6161.0,97.0,81,Отлично
29,5,1,Не замужем/не женат,106293.0,-,18922.0,4143.0,95.0,84,Отлично
48,16,1,Не замужем/не женат,136976.0,-,9468.0,0.0,92.0,91,Отлично
27,5,1,Замужем/женат,119422.0,-,9180.0,9663.0,90.0,100,Отлично
26,1,1,Замужем/женат,51466.0,-,17273.0,4269.0,95.0,99,Отлично
48,16,1,Замужем/женат,146699.0,-,3343.0,0.0,93.0,96,Отлично
55,10,1,Замужем/женат,86519.0,-,3116.0,3426.0,96.0,88,Отлично
37,12,1,Не замужем/не женат,127868.0,-,14068.0,0.0,90.0,84,Отлично
49,5,1,Замужем/женат,78872.0,-,6378.0,294.0,94.0,100,Отлично
21,16,1,Замужем/женат,101390.0,-,12521.0,8556.0,99.0,89,Отлично
25,4,1,Замужем/женат,99246.0,-,288.0,8310.0,99.0,83,Отлично
60,15,1,Не замужем/не женат,74853.0,-,10827.0,5914.0,96.0,89,Отлично
58,10,1,Не замужем/не женат,129922.0,-,12889.0,1444.0,90.0,94,Отлично
24,6,1,Замужем/женат,80494.0,-,4844.0,6000.0,93.0,81,Отлично
36,17,1,Не замужем/не женат,107965.0,-,5718.0,1542.0,90.0,87,Отлично
57,9,1,Не замужем/не женат,77014.0,-,205.0,6953.0,96.0,98,Отлично
63,7,1,Замужем/женат,120343.0,-,678.0,0.0,94.0,92,Отлично
24,10,1,Не замужем/не женат,93786.0,-,18100.0,8632.0,92.0,90,Отлично
60,5,1,Замужем/женат,133720.0,-,6822.0,0.0,94.0,99,Отлично
46,17,1,Замужем/женат,105945.0,-,17681.0,1513.0,93.0,89,Отлично
49,15,1,Не замужем/не женат,147511.0,-,9644.0,3629.0,95.0,92,Отлично
30,1,1,Замужем/женат,84880.0,-,4346.0,0.0,95.0,97,Отлично
29,3,1,Замужем/женат,142013.0,-,2244.0,7095.0,97.0,94,Отлично
49,11,1,Не замужем/не женат,97825.0,-,16841.0,1562.0,93.0,86,Отлично
35,14,0,Не замужем/не женат,105718.0,По собственному желанию,6053.0,9544.0,90.0,86,Отлично
57,9,0,Не замужем/не женат,87471.0,Истечение срока соглашения,7742.0,2359.0,90.0,89,Отлично
23,11,1,Замужем/женат,72371.0,-,19055.0,5371.0,94.0,96,Отлично
23,10,0,Не замужем/не женат,83646.0,Несоответствие работника занимаемой должности,4745.0,9201.0,90.0,96,Отлично
53,8,0,Замужем/женат,70250.0,Жесткое нарушение работником трудовых обязанностей,541.0,0.0,97.0,88,Отлично
25,8,1,Не замужем/не женат,119782.0,-,7735.0,0.0,97.0,82,Отлично
42,3,1,Не замужем/не женат,90075.0,-,7020.0,0.0,97.0,91,Отлично
60,13,1,Замужем/женат,79264.0,-,17224.0,0.0,91.0,100,Отлично
22,17,1,Замужем/женат,140461.0,-,11152.0,0.0,90.0,87,Отлично
40,7,1,Замужем/женат,128833.0,-,3042.0,4630.0,99.0,81,Отлично
48,3,1,Не замужем/не женат,33972.0,-,16002.0,8446.0,98.0,96,Отлично
48,2,0,Не замужем/не женат,68130.0,Несоответствие работника занимаемой должности,15175.0,5586.0,96.0,89,Отлично
56,16,1,Не замужем/не женат,71555.0,-,18466.0,0.0,99.0,84,Отлично
45,9,0,Не замужем/не женат,77932.0,Неисполнение трудовых обязанностей работника без причин уважительного характера,4834.0,0.0,91.0,82,Отлично
23,10,1,Замужем/женат,113766.0,-,19117.0,0.0,95.0,94,Отлично
25,4,1,Не замужем/не женат,134558.0,-,2304.0,0.0,96.0,84,Отлично
30,15,1,Замужем/женат,106667.0,-,17812.0,0.0,98.0,95,Отлично
59,2,1,Замужем/женат,143967.0,-,8259.0,0.0,96.0,98,Отлично
43,16,1,Не замужем/не женат,143125.0,-,17460.0,0.0,92.0,90,Отлично
38,14,1,Замужем/женат,39354.0,-,2356.0,2436.0,94.0,93,Отлично
42,4,1,Не замужем/не женат,37876.0,-,18539.0,738.0,97.0,86,Отлично
20,14,1,Замужем/женат,45686.0,-,14083.0,2589.0,97.0,82,Отлично
56,17,0,Не замужем/не женат,83569.0,Несоответствие работника занимаемой должности,5067.0,258.0,92.0,91,Отлично
22,12,1,Замужем/женат,96845.0,-,11031.0,9327.0,90.0,96,Отлично
49,2,1,Не замужем/не женат,30625.0,-,19733.0,3878.0,96.0,86,Отлично
43,11,1,Замужем/женат,65934.0,-,8974.0,8670.0,93.0,97,Отлично
41,15,0,Не замужем/не женат,112081.0,Истечение срока соглашения,11512.0,3231.0,97.0,88,Отлично
49,14,1,Не замужем/не женат,146431.0,-,10165.0,1846.0,98.0,95,Отлично
38,6,1,Замужем/женат,94433.0,-,502.0,8453.0,96.0,88,Отлично
50,16,1,Замужем/женат,51493.0,-,3292.0,0.0,99.0,89,Отлично
38,16,1,Не замужем/не женат,40840.0,-,1189.0,0.0,96.0,90,Отлично
54,11,1,Замужем/женат,32196.0,-,9802.0,0.0,91.0,91,Отлично
58,5,1,Не замужем/не женат,56893.0,-,7652.0,0.0,97.0,81,Отлично
56,15,1,Не замужем/не женат,81658.0,-,16963.0,0.0,93.0,85,Отлично
39,8,1,Замужем/женат,75755.0,-,17981.0,8750.0,96.0,95,Отлично
35,8,1,Замужем/женат,68700.0,-,15561.0,2491.0,97.0,86,Отлично
42,8,1,Не замужем/не женат,83513.0,-,5135.0,4812.0,99.0,89,Отлично
37,11,1,Замужем/женат,41768.0,-,17219.0,0.0,91.0,86,Отлично
60,18,1,Замужем/женат,91394.0,-,13161.0,0.0,98.0,99,Отлично
46,18,1,Не замужем/не женат,42665.0,-,11996.0,323.0,94.0,95,Отлично
35,7,0,Замужем/женат,78612.0,Жесткое нарушение работником трудовых обязанностей,14764.0,4737.0,93.0,90,Отлично
44,15,1,Замужем/женат,73624.0,-,3054.0,749.0,93.0,87,Отлично
45,8,1,Замужем/женат,41343.0,-,5530.0,2851.0,94.0,87,Отлично
42,12,1,Не замужем/не женат,88195.0,-,15564.0,4975.0,90.0,96,Отлично
64,18,1,Не замужем/не женат,128247.0,-,13462.0,6787.0,91.0,82,Отлично
20,5,1,Не замужем/не женат,37448.0,-,4191.0,5802.0,99.0,100,Отлично
27,8,1,Не замужем/не женат,131674.0,-,6025.0,7278.0,94.0,97,Отлично
39,16,1,Не замужем/не женат,52951.0,-,16936.0,6968.0,97.0,97,Отлично
41,12,1,Не замужем/не женат,97841.0,-,9113.0,5315.0,96.0,91,Отлично
61,14,1,Не замужем/не женат,106098.0,-,9833.0,9674.0,94.0,95,Отлично
30,6,1,Не замужем/не женат,101598.0,-,6530.0,0.0,96.0,83,Отлично
42,18,1,Замужем/женат,128132.0,-,17451.0,0.0,97.0,88,Отлично
60,14,1,Замужем/женат,36509.0,-,19794.0,0.0,95.0,83,Отлично
56,9,1,Замужем/женат,93479.0,-,9150.0,0.0,93.0,87,Отлично
24,6,1,Не замужем/не женат,135288.0,-,15989.0,0.0,98.0,83,Отлично
37,13,1,Замужем/женат,147991.0,-,18428.0,156.0,94.0,90,Отлично
34,14,1,Не замужем/не женат,49652.0,-,18124.0,6767.0,90.0,82,Отлично
47,11,1,Замужем/женат,144403.0,-,4625.0,7015.0,90.0,92,Отлично
34,16,0,Не замужем/не женат,46933.0,Неисполнение трудовых обязанностей работника без причин уважительного характера,18328.0,5669.0,95.0,90,Отлично
31,12,0,Замужем/женат,40553.0,Несоответствие работника занимаемой должности,13179.0,5999.0,93.0,81,Отлично
40,7,1,Замужем/женат,53168.0,-,16123.0,6308.0,94.0,95,Отлично
37,15,1,Замужем/женат,138450.0,-,18806.0,7467.0,94.0,94,Отлично
31,5,0,Не замужем/не женат,56458.0,Неисполнение трудовых обязанностей работника без причин уважительного характера,18866.0,0.0,94.0,81,Отлично
61,17,1,Замужем/женат,68825.0,-,10414.0,0.0,99.0,97,Отлично
22,6,1,Замужем/женат,60292.0,-,17397.0,0.0,95.0,86,Отлично
50,5,0,Замужем/женат,71260.0,Истечение срока соглашения,10707.0,4181.0,91.0,88,Отлично
54,4,0,Не замужем/не женат,104493.0,Истечение срока соглашения,1186.0,8686.0,90.0,98,Отлично
37,8,1,Не замужем/не женат,59392.0,-,4748.0,4590.0,96.0,86,Отлично
53,4,1,Не замужем/не женат,148464.0,-,3652.0,5759.0,92.0,99,Отлично
21,7,1,Не замужем/не женат,100531.0,-,13515.0,3188.0,92.0,81,Отлично
26,9,1,Не замужем/не женат,138035.0,-,15103.0,0.0,92.0,88,Отлично
53,4,1,Замужем/женат,37187.0,-,15257.0,0.0,96.0,81,Отлично
23,11,0,Не замужем/не женат,142543.0,Жесткое нарушение работником трудовых обязанностей,526.0,0.0,92.0,87,Отлично
58,12,1,Не замужем/не женат,113741.0,-,5285.0,0.0,90.0,87,Отлично
62,4,1,Не замужем/не женат,138702.0,-,11050.0,0.0,99.0,91,Отлично
40,2,1,Не замужем/не женат,77228.0,-,1898.0,1156.0,98.0,83,Отлично
63,16,1,Замужем/женат,62641.0,-,17885.0,7265.0,99.0,87,Отлично
39,16,0,Не замужем/не женат,49264.0,Неисполнение трудовых обязанностей работника без причин уважительного характера,10218.0,5515.0,99.0,97,Отлично
23,8,1,Замужем/женат,48613.0,-,16792.0,8190.0,91.0,85,Отлично
24,14,1,Не замужем/не женат,115519.0,-,11620.0,307.0,94.0,98,Отлично
